,id_venta,id_producto,cantidad,precio_unitario,importe
id_venta,1.0,-0.04216110417453705,0.03755872261461279,-0.09487242586185692,-0.06310690616992162
id_producto,-0.04216110417453705,1.0,0.0763730212008806,0.002185478143481126,0.048965635532637455
cantidad,0.03755872261461279,0.0763730212008806,1.0,-0.07448337679011152,0.5997233875219228
precio_unitario,-0.09487242586185692,0.002185478143481126,-0.07448337679011152,1.0,0.6792979091934259
importe,-0.06310690616992162,0.048965635532637455,0.5997233875219228,0.6792979091934259,1.0
