,id_venta,id_cliente
id_venta,1.0,0.008391139395293904
id_cliente,0.008391139395293904,1.0
