,id_venta,id_cliente
count,120.0,120.0
mean,60.5,47.291666666666664
std,34.785054261852174,27.854180873916622
min,1.0,1.0
25%,30.75,24.5
50%,60.5,48.5
75%,90.25,67.5
max,120.0,100.0
