,id_venta,id_producto,cantidad,precio_unitario,importe
count,343.0,343.0,343.0,343.0,343.0
mean,61.49271137026239,49.1399416909621,2.9620991253644315,2654.4956268221576,7730.078717201166
std,34.83552548203388,29.135461141073826,1.3663749032056847,1308.694720167715,5265.543076592035
min,1.0,1.0,1.0,272.0,272.0
25%,31.0,23.0,2.0,1618.5,3489.0
50%,61.0,47.0,3.0,2512.0,6702.0
75%,93.0,76.0,4.0,3876.0,10231.5
max,120.0,100.0,5.0,4982.0,24865.0
