,id_producto,precio_unitario
count,100.0,100.0
mean,50.5,2718.55
std,29.011491975882016,1381.6353242415016
min,1.0,272.0
25%,25.75,1590.0
50%,50.5,2516.0
75%,75.25,4026.5
max,100.0,4982.0
